{"cameraMode":{"drawMode":0,"name":"Shaded","section":"Shading Mode"},"sceneLighting":true,"audioPlay":false,"sceneViewState":{"showFog":true,"showMaterialUpdate":true,"showSkybox":true,"showFlares":true,"showImageEffects":true,"showParticleSystems":true},"in2DMode":false,"pivot":{"x":38.369693756103519,"y":54.21138381958008,"z":49.24143600463867},"rotation":{"x":-0.2541781961917877,"y":0.22297033667564393,"z":-0.06034478545188904,"w":-0.9391677975654602},"size":72.49177551269531,"orthographic":false}