{"cameraMode":{"drawMode":0,"name":"Shaded","section":"Shading Mode"},"sceneLighting":false,"audioPlay":false,"sceneViewState":{"showFog":true,"showMaterialUpdate":true,"showSkybox":true,"showFlares":true,"showImageEffects":true,"showParticleSystems":true},"in2DMode":false,"pivot":{"x":2.6677193641662599,"y":2.1413486003875734,"z":0.6017593145370483},"rotation":{"x":-0.030153807252645494,"y":-0.09969110041856766,"z":0.0030227319803088905,"w":-0.9945568442344666},"size":1.0772687196731568,"orthographic":false}