{"cameraMode":{"drawMode":0,"name":"Shaded","section":"Shading Mode"},"sceneLighting":false,"audioPlay":false,"sceneViewState":{"showFog":true,"showMaterialUpdate":true,"showSkybox":true,"showFlares":true,"showImageEffects":true,"showParticleSystems":true},"in2DMode":false,"pivot":{"x":0.6000000238418579,"y":3.450000047683716,"z":-0.40000012516975405},"rotation":{"x":-0.030153807252645494,"y":-0.09969110041856766,"z":0.0030227319803088905,"w":-0.9945568442344666},"size":22.0,"orthographic":false}