{"cameraMode":{"drawMode":0,"name":"Shaded","section":"Shading Mode"},"sceneLighting":false,"audioPlay":false,"sceneViewState":{"showFog":true,"showMaterialUpdate":true,"showSkybox":true,"showFlares":true,"showImageEffects":true,"showParticleSystems":true},"in2DMode":false,"pivot":{"x":19.484169006347658,"y":0.7611681222915649,"z":6.369255065917969},"rotation":{"x":-0.030153807252645494,"y":-0.09969110041856766,"z":0.0030227319803088905,"w":-0.9945568442344666},"size":2.610015869140625,"orthographic":false}