{"cameraMode":{"drawMode":0,"name":"Shaded","section":"Shading Mode"},"sceneLighting":false,"audioPlay":false,"sceneViewState":{"showFog":true,"showMaterialUpdate":true,"showSkybox":true,"showFlares":true,"showImageEffects":true,"showParticleSystems":true},"in2DMode":false,"pivot":{"x":46.57989501953125,"y":112.52999114990235,"z":0.0},"rotation":{"x":-0.027294548228383066,"y":0.02908198907971382,"z":-0.0007943019736558199,"w":-0.9992040395736694},"size":267.4960021972656,"orthographic":false}